-- phpMyAdmin SQL Dump
-- version 5.2.1
-- https://www.phpmyadmin.net/
--
-- Host: 127.0.0.1
-- Waktu pembuatan: 31 Okt 2023 pada 07.22
-- Versi server: 10.4.28-MariaDB
-- Versi PHP: 8.0.28

SET SQL_MODE = "NO_AUTO_VALUE_ON_ZERO";
START TRANSACTION;
SET time_zone = "+00:00";


/*!40101 SET @OLD_CHARACTER_SET_CLIENT=@@CHARACTER_SET_CLIENT */;
/*!40101 SET @OLD_CHARACTER_SET_RESULTS=@@CHARACTER_SET_RESULTS */;
/*!40101 SET @OLD_COLLATION_CONNECTION=@@COLLATION_CONNECTION */;
/*!40101 SET NAMES utf8mb4 */;

--
-- Database: `db_toko`
--

-- --------------------------------------------------------

--
-- Struktur dari tabel `barang`
--

CREATE TABLE `barang` (
  `id` int(11) NOT NULL,
  `kode_barang` varchar(10) NOT NULL,
  `nama_barang` varchar(20) NOT NULL,
  `harga` int(99) NOT NULL,
  `stok` int(100) NOT NULL,
  `supplier_id` int(11) NOT NULL
) ENGINE=InnoDB DEFAULT CHARSET=utf8mb4 COLLATE=utf8mb4_general_ci;

--
-- Dumping data untuk tabel `barang`
--

INSERT INTO `barang` (`id`, `kode_barang`, `nama_barang`, `harga`, `stok`, `supplier_id`) VALUES
(1, 'B001', 'Laptop Acer Aspire', 850, 15, 1),
(2, 'B002', 'Smartphone Samsung G', 1100, 120, 2),
(3, 'B003', 'TV LED LG', 950, 48, 1),
(4, 'B004', 'Kamera Sony', 2200, 200, 3),
(5, 'B005', 'Mesin Cuci Panasonic', 650, 20, 2),
(6, 'B006', 'Sepatu Adidas', 130, 35, 1),
(7, 'B007', 'Meja Belajar', 350, 10, 3),
(8, 'B008', 'Parfum Dior Sauvage', 180, 30, 2),
(9, 'B009', 'Koper', 95, 45, 1),
(10, 'B010', 'Gitar Elektrik', 280, 14, 3),
(11, 'B010', 'Mouse', 60000, 84, 4);

-- --------------------------------------------------------

--
-- Struktur dari tabel `pelanggan`
--

CREATE TABLE `pelanggan` (
  `id` int(11) NOT NULL,
  `nama` varchar(30) NOT NULL,
  `jenis_kelamin` enum('L','P') NOT NULL,
  `telp` int(15) NOT NULL,
  `alamat` varchar(50) NOT NULL
) ENGINE=InnoDB DEFAULT CHARSET=utf8mb4 COLLATE=utf8mb4_general_ci;

--
-- Dumping data untuk tabel `pelanggan`
--

INSERT INTO `pelanggan` (`id`, `nama`, `jenis_kelamin`, `telp`, `alamat`) VALUES
(1, 'Joko', 'L', 1230, 'Lamongan'),
(2, 'Jokis', 'P', 1231, 'Madura'),
(3, 'Jokop', 'L', 1232, 'Lamongan'),
(4, 'Jokol', 'L', 1233, 'Surabaya'),
(5, 'Jokoo', 'L', 1234, 'Jombang'),
(6, 'Jokoe', 'P', 1235, 'Mojokerto'),
(7, 'Jokow', 'L', 1236, 'Lamongan'),
(8, 'Jokoi', 'P', 1237, 'Jakarta'),
(9, 'Jokom', 'P', 1238, 'Bandung'),
(10, 'Jokoa', 'L', 1239, 'Semarang');

-- --------------------------------------------------------

--
-- Struktur dari tabel `pembayaran`
--

CREATE TABLE `pembayaran` (
  `id` int(11) NOT NULL,
  `waktu_bayar` time NOT NULL,
  `total` int(99) NOT NULL,
  `metode` enum('TUNAI','TRANSFER','EDC') NOT NULL,
  `transaksi_id` int(11) NOT NULL
) ENGINE=InnoDB DEFAULT CHARSET=utf8mb4 COLLATE=utf8mb4_general_ci;

-- --------------------------------------------------------

--
-- Struktur dari tabel `supplier`
--

CREATE TABLE `supplier` (
  `id` int(11) NOT NULL,
  `nama` varchar(20) NOT NULL,
  `telp` int(15) NOT NULL,
  `alamat` varchar(50) NOT NULL
) ENGINE=InnoDB DEFAULT CHARSET=utf8mb4 COLLATE=utf8mb4_general_ci;

--
-- Dumping data untuk tabel `supplier`
--

INSERT INTO `supplier` (`id`, `nama`, `telp`, `alamat`) VALUES
(1, 'PT Astra Internation', 123456789, 'Jakarta'),
(2, 'PT Unilever Indonesi', 987654321, 'Surabaya'),
(3, 'PT Indofood CBP Suks', 234567890, 'Bandung'),
(4, 'PT Telkom Indonesia ', 876543210, 'Yogyakarta'),
(5, 'PT Bank Central Asia', 345678901, 'Medan');

-- --------------------------------------------------------

--
-- Struktur dari tabel `transaksi`
--

CREATE TABLE `transaksi` (
  `id` int(11) NOT NULL,
  `waktu_transaksi` date NOT NULL DEFAULT current_timestamp(),
  `keterangan` text NOT NULL,
  `total` int(99) NOT NULL,
  `pelanggan_id` int(11) NOT NULL
) ENGINE=InnoDB DEFAULT CHARSET=utf8mb4 COLLATE=utf8mb4_general_ci;

--
-- Dumping data untuk tabel `transaksi`
--

INSERT INTO `transaksi` (`id`, `waktu_transaksi`, `keterangan`, `total`, `pelanggan_id`) VALUES
(17, '2023-10-29', 'barang mahal', 120000, 1);

-- --------------------------------------------------------

--
-- Struktur dari tabel `transaksi_detail`
--

CREATE TABLE `transaksi_detail` (
  `transaksi_id` int(11) NOT NULL,
  `barang_id` int(11) NOT NULL,
  `harga` int(99) NOT NULL,
  `qty` int(100) NOT NULL
) ENGINE=InnoDB DEFAULT CHARSET=utf8mb4 COLLATE=utf8mb4_general_ci;

--
-- Dumping data untuk tabel `transaksi_detail`
--

INSERT INTO `transaksi_detail` (`transaksi_id`, `barang_id`, `harga`, `qty`) VALUES
(17, 11, 60000, 2);

-- --------------------------------------------------------

--
-- Struktur dari tabel `user`
--

CREATE TABLE `user` (
  `id_user` int(11) NOT NULL,
  `username` varchar(20) NOT NULL,
  `password` varchar(20) NOT NULL,
  `nama` varchar(20) NOT NULL,
  `alamat` varchar(50) NOT NULL,
  `hp` int(15) NOT NULL,
  `level` int(15) NOT NULL
) ENGINE=InnoDB DEFAULT CHARSET=utf8mb4 COLLATE=utf8mb4_general_ci;

--
-- Indexes for dumped tables
--

--
-- Indeks untuk tabel `barang`
--
ALTER TABLE `barang`
  ADD PRIMARY KEY (`id`),
  ADD KEY `fk_supplier` (`supplier_id`);

--
-- Indeks untuk tabel `pelanggan`
--
ALTER TABLE `pelanggan`
  ADD PRIMARY KEY (`id`);

--
-- Indeks untuk tabel `pembayaran`
--
ALTER TABLE `pembayaran`
  ADD PRIMARY KEY (`id`),
  ADD KEY `fk_transaksi` (`transaksi_id`);

--
-- Indeks untuk tabel `supplier`
--
ALTER TABLE `supplier`
  ADD PRIMARY KEY (`id`);

--
-- Indeks untuk tabel `transaksi`
--
ALTER TABLE `transaksi`
  ADD PRIMARY KEY (`id`),
  ADD KEY `fk_pelanggan` (`pelanggan_id`);

--
-- Indeks untuk tabel `transaksi_detail`
--
ALTER TABLE `transaksi_detail`
  ADD PRIMARY KEY (`transaksi_id`,`barang_id`),
  ADD KEY `fk_barang` (`barang_id`),
  ADD KEY `transaksi_id` (`transaksi_id`);

--
-- Indeks untuk tabel `user`
--
ALTER TABLE `user`
  ADD PRIMARY KEY (`id_user`);

--
-- AUTO_INCREMENT untuk tabel yang dibuang
--

--
-- AUTO_INCREMENT untuk tabel `barang`
--
ALTER TABLE `barang`
  MODIFY `id` int(11) NOT NULL AUTO_INCREMENT, AUTO_INCREMENT=12;

--
-- AUTO_INCREMENT untuk tabel `pelanggan`
--
ALTER TABLE `pelanggan`
  MODIFY `id` int(11) NOT NULL AUTO_INCREMENT, AUTO_INCREMENT=11;

--
-- AUTO_INCREMENT untuk tabel `pembayaran`
--
ALTER TABLE `pembayaran`
  MODIFY `id` int(11) NOT NULL AUTO_INCREMENT;

--
-- AUTO_INCREMENT untuk tabel `supplier`
--
ALTER TABLE `supplier`
  MODIFY `id` int(11) NOT NULL AUTO_INCREMENT, AUTO_INCREMENT=6;

--
-- AUTO_INCREMENT untuk tabel `transaksi`
--
ALTER TABLE `transaksi`
  MODIFY `id` int(11) NOT NULL AUTO_INCREMENT, AUTO_INCREMENT=18;

--
-- AUTO_INCREMENT untuk tabel `user`
--
ALTER TABLE `user`
  MODIFY `id_user` int(11) NOT NULL AUTO_INCREMENT;

--
-- Ketidakleluasaan untuk tabel pelimpahan (Dumped Tables)
--

--
-- Ketidakleluasaan untuk tabel `barang`
--
ALTER TABLE `barang`
  ADD CONSTRAINT `barang_ibfk_1` FOREIGN KEY (`supplier_id`) REFERENCES `supplier` (`id`);

--
-- Ketidakleluasaan untuk tabel `pembayaran`
--
ALTER TABLE `pembayaran`
  ADD CONSTRAINT `pembayaran_ibfk_1` FOREIGN KEY (`transaksi_id`) REFERENCES `transaksi` (`id`);

--
-- Ketidakleluasaan untuk tabel `transaksi`
--
ALTER TABLE `transaksi`
  ADD CONSTRAINT `fk_pelanggan` FOREIGN KEY (`pelanggan_id`) REFERENCES `pelanggan` (`id`);

--
-- Ketidakleluasaan untuk tabel `transaksi_detail`
--
ALTER TABLE `transaksi_detail`
  ADD CONSTRAINT `fk_barang` FOREIGN KEY (`barang_id`) REFERENCES `barang` (`id`),
  ADD CONSTRAINT `fk_transaksi` FOREIGN KEY (`transaksi_id`) REFERENCES `transaksi` (`id`);
COMMIT;

/*!40101 SET CHARACTER_SET_CLIENT=@OLD_CHARACTER_SET_CLIENT */;
/*!40101 SET CHARACTER_SET_RESULTS=@OLD_CHARACTER_SET_RESULTS */;
/*!40101 SET COLLATION_CONNECTION=@OLD_COLLATION_CONNECTION */;
